Video_ID,Ankle_Drag,Knee_Start,Knee_Min,Knee_Target,Hip_Tilt,Stance_Label
flat_pinpoint_103_landmarks.csv,25.084,168.74,138.3,152.53,1.0,0
flat_pinpoint_107_landmarks.csv,2.0281,160.42,144.11,157.38,0.6861,0
flat_pinpoint_113_landmarks.csv,28.2208,162.51,106.18,140.36,0.5855,0
flat_pinpoint_115_landmarks.csv,6.3603,174.32,123.5,131.55,0.8439,0
flat_pinpoint_116_landmarks.csv,17.1229,156.98,137.55,140.96,0.6289,0
flat_pinpoint_126_landmarks.csv,8.3358,179.95,132.05,150.87,0.4859,0
flat_pinpoint_127_landmarks.csv,10.3122,161.47,111.39,160.33,0.2475,0
flat_pinpoint_132_landmarks.csv,18.1979,175.12,123.06,126.21,0.6463,0
flat_pinpoint_133_landmarks.csv,13.0228,154.29,121.53,160.22,0.7122,0
flat_pinpoint_136_landmarks.csv,26.5746,180.0,137.41,154.77,0.0345,0
flat_pinpoint_137_landmarks.csv,18.398,170.39,145.23,153.88,0.2694,0
flat_pinpoint_138_landmarks.csv,41.5606,179.98,136.63,163.1,0.0982,0
flat_pinpoint_139_landmarks.csv,18.8102,168.12,135.18,169.1,0.1929,0
flat_pinpoint_140_landmarks.csv,7.6414,178.54,148.81,152.76,0.9922,0
flat_pinpoint_141_landmarks.csv,6.2888,164.62,148.3,154.68,0.1911,0
flat_pinpoint_54_landmarks.csv,14.9484,179.98,135.61,174.3,0.7165,0
flat_pinpoint_55_landmarks.csv,5.3876,148.53,131.77,158.53,0.3319,0
flat_pinpoint_56_landmarks.csv,22.236,179.96,135.12,146.74,0.4167,0
flat_pinpoint_57_landmarks.csv,6.0345,148.1,132.43,158.04,0.348,0
flat_pinpoint_59_landmarks.csv,3.1439,177.76,60.04,168.35,0.9118,0
flat_pinpoint_61_landmarks.csv,13.4448,175.5,139.48,141.78,0.6338,0
flat_pinpoint_62_landmarks.csv,23.4308,158.35,136.15,150.22,0.5977,0
flat_pinpoint_70_landmarks.csv,19.7967,179.36,139.07,167.39,0.5665,0
flat_pinpoint_71_landmarks.csv,16.6086,166.44,136.67,170.02,0.9054,0
flat_pinpoint_7_landmarks.csv,4.7178,179.91,112.84,118.36,0.8367,0
flat_pinpoint_89_landmarks.csv,7.4761,178.22,118.33,146.57,0.3829,0
flat_pinpoint_90_landmarks.csv,5.9822,145.11,123.37,130.16,0.5323,0
flat_pinpoint_91_landmarks.csv,6.179,145.74,117.62,130.27,0.3267,0
flat_pinpoint_93_landmarks.csv,4.9317,170.83,150.89,151.62,0.6161,0
flat_pinpoint_95_landmarks.csv,14.3305,179.31,129.84,142.98,0.8524,0
flat_pinpoint_96_landmarks.csv,9.8955,155.76,131.68,137.67,0.7262,0
flat_platform_106_landmarks.csv,1.2435,173.41,140.14,144.17,0.5576,1
flat_platform_120_landmarks.csv,31.6029,179.97,120.79,148.29,0.763,1
flat_platform_12_landmarks.csv,64.2769,176.29,144.23,168.31,1.0,1
flat_platform_150_landmarks.csv,5.2465,179.98,137.25,142.51,0.5569,1
flat_platform_151_landmarks.csv,4.481,179.94,137.52,138.66,0.3363,1
flat_platform_51_landmarks.csv,28.6638,179.88,128.61,174.88,0.2108,1
flat_platform_52_landmarks.csv,9.1002,167.42,129.02,161.71,0.083,1
flat_platform_73_landmarks.csv,18.6999,179.98,121.88,141.04,0.5232,1
flat_platform_74_landmarks.csv,1.8119,157.4,127.23,150.88,0.4326,1
flat_platform_83_landmarks.csv,16.0592,177.28,133.61,162.94,0.5882,1
flat_platform_86_landmarks.csv,0.8687,173.16,140.48,142.93,0.5136,1
flat_platform_98_landmarks.csv,16.3589,179.99,127.76,140.92,0.4369,1
flat_platform_99_landmarks.csv,3.0913,179.93,130.14,135.06,0.4723,1
kick_pinpoint_102_landmarks.csv,20.1309,179.88,140.72,145.26,0.1447,0
kick_pinpoint_108_landmarks.csv,23.8361,179.94,133.1,156.32,0.3601,0
kick_pinpoint_109_landmarks.csv,35.385,179.95,129.99,142.79,0.2131,0
kick_pinpoint_110_landmarks.csv,25.562,179.69,132.68,160.92,0.533,0
kick_pinpoint_111_landmarks.csv,23.1526,180.0,135.77,148.74,0.2515,0
kick_pinpoint_112_landmarks.csv,8.5102,179.86,134.71,169.25,0.0229,0
kick_pinpoint_124_landmarks.csv,46.7246,179.9,131.47,166.31,0.281,0
kick_pinpoint_125_landmarks.csv,7.3219,161.01,131.14,164.31,0.3068,0
kick_pinpoint_154_landmarks.csv,7.8568,179.68,141.29,173.99,0.5268,0
kick_pinpoint_155_landmarks.csv,10.4412,162.47,140.74,172.89,0.4657,0
kick_pinpoint_65_landmarks.csv,15.0992,148.73,118.41,145.24,0.1264,0
kick_pinpoint_72_landmarks.csv,6.9893,169.2,137.68,156.64,0.1456,0
kick_platform_100_landmarks.csv,4.6045,162.91,134.7,156.83,0.0858,1
kick_platform_121_landmarks.csv,17.8403,179.79,119.46,154.14,0.243,1
kick_platform_148_landmarks.csv,24.0645,179.55,137.34,151.36,0.7805,1
kick_platform_149_landmarks.csv,11.7565,179.69,130.63,141.89,0.5349,1
kick_platform_19_landmarks.csv,16.5856,179.95,124.81,179.32,0.1492,1
kick_platform_22_landmarks.csv,10.7501,179.96,123.74,128.71,0.8674,1
kick_platform_37_landmarks.csv,25.1387,179.99,123.6,156.01,0.5643,1
kick_platform_44_landmarks.csv,10.082,179.99,129.66,172.99,0.8102,1
kick_platform_60_landmarks.csv,15.0841,175.76,112.21,134.26,0.9708,1
kick_platform_78_landmarks.csv,1.7448,169.14,138.16,146.46,0.6257,1
kick_platform_88_landmarks.csv,10.8661,179.61,137.68,144.51,0.5756,1
slice_pinpoint_101_landmarks.csv,9.942,179.92,142.1,178.76,0.5478,0
slice_pinpoint_104_landmarks.csv,10.6447,169.12,144.65,160.63,0.2125,0
slice_pinpoint_10_landmarks.csv,34.9788,179.98,145.94,173.0,0.3354,0
slice_pinpoint_118_landmarks.csv,10.9943,179.97,137.85,144.79,0.8864,0
slice_pinpoint_119_landmarks.csv,11.1796,157.28,132.88,155.29,1.0,0
slice_pinpoint_122_landmarks.csv,40.0256,179.92,66.39,146.8,0.3642,0
slice_pinpoint_134_landmarks.csv,13.041,175.74,129.21,155.78,0.9018,0
slice_pinpoint_135_landmarks.csv,9.6917,157.65,127.28,166.09,0.34,0
slice_pinpoint_142_landmarks.csv,18.1537,179.29,133.54,135.09,0.5803,0
slice_pinpoint_143_landmarks.csv,15.818,166.87,130.97,135.82,0.6301,0
slice_pinpoint_152_landmarks.csv,17.4815,179.97,147.34,153.5,0.8278,0
slice_pinpoint_153_landmarks.csv,8.8238,166.1,147.35,179.36,0.4686,0
slice_pinpoint_158_landmarks.csv,18.9092,175.3,135.74,159.67,0.9903,0
slice_pinpoint_159_landmarks.csv,20.0082,164.71,136.39,154.6,0.999,0
slice_pinpoint_38_landmarks.csv,12.1653,170.82,146.84,167.26,0.1849,0
slice_pinpoint_58_landmarks.csv,14.6215,179.99,109.83,138.49,0.5645,0
slice_pinpoint_63_landmarks.csv,11.1679,179.98,128.36,157.55,0.5078,0
slice_pinpoint_64_landmarks.csv,13.1202,143.81,128.37,159.98,0.744,0
slice_pinpoint_75_landmarks.csv,22.0497,175.88,125.19,169.95,0.9649,0
slice_pinpoint_84_landmarks.csv,4.2283,153.31,114.67,131.43,0.3002,0
slice_pinpoint_92_landmarks.csv,18.9698,179.85,146.27,146.73,0.9112,0
slice_pinpoint_94_landmarks.csv,3.9022,171.01,147.6,155.17,0.3582,0
slice_platform_105_landmarks.csv,1.9274,179.96,133.8,162.52,0.4104,1
slice_platform_128_landmarks.csv,6.479,179.93,138.58,153.32,0.0783,1
slice_platform_129_landmarks.csv,35.8029,179.83,138.39,152.87,0.8381,1
slice_platform_130_landmarks.csv,7.9403,179.87,134.41,159.14,0.0797,1
slice_platform_131_landmarks.csv,26.45,169.79,133.39,169.78,0.1023,1
slice_platform_156_landmarks.csv,5.1173,175.44,120.91,124.18,0.2304,1
slice_platform_157_landmarks.csv,3.5323,171.05,117.81,128.32,0.3985,1
slice_platform_32_landmarks.csv,2.6769,179.89,113.54,127.87,0.8342,1
slice_platform_50_landmarks.csv,4.9829,179.38,131.91,134.54,0.8979,1
slice_platform_53_landmarks.csv,9.6308,178.97,129.01,138.32,0.373,1
slice_platform_76_landmarks.csv,4.5566,173.95,130.06,143.88,0.4693,1
slice_platform_77_landmarks.csv,1.7986,164.73,126.63,138.5,0.5489,1
slice_platform_82_landmarks.csv,3.5252,161.63,128.45,141.59,0.4736,1
slice_platform_85_landmarks.csv,7.2953,179.99,137.06,142.16,0.6777,1
slice_platform_87_landmarks.csv,4.2863,179.87,135.39,137.67,0.4919,1
